{"cameraMode":{"drawMode":0,"name":"Shaded","section":"Shading Mode"},"sceneLighting":true,"audioPlay":false,"sceneViewState":{"m_AlwaysRefresh":false,"showFog":true,"showSkybox":true,"showFlares":true,"showImageEffects":true,"showParticleSystems":true,"showVisualEffectGraphs":true,"m_FxEnabled":true},"in2DMode":false,"pivot":{"x":51.60004806518555,"y":5.440072059631348,"z":3.0759897232055666},"rotation":{"x":0.007238052319735289,"y":0.9919297099113464,"z":-0.10754687339067459,"w":0.06675820052623749},"size":9.222441673278809,"orthographic":true}